sn,day,month,year,holiday 
1,9,5,2013,Ascension Day
2,29,5,2014,Ascension Day
3,14,5,2015,Ascension Day
4,15,8,2013,Assumption day
5,30,5,2013,corpus Christi
6,19,6,2014,corpus Christi
7,4,6,2015,corpus Christi
8,20,11,2013,Day of Repentance and Prayer
9,19,11,2014,Day of Repentance and Prayer
10,20,5,2013,Whit Monday
11,9,6,2014,Whit Monday
12,25,5,2015,Whit Monday
13,1,11,,All Saint's day
14,31,10,,Reformation day
15,1,1,,New year's day
16,6,1,,Epiphany
17,1,5,,Labour Day
18,15,8,,Assumption day
